can_extract_be_re,can_extract_codes,can_extract_scheme_info,code_family,document_family,document_source,document_type,fy,page_end,page_start,parser_hint,state,target_codes,text,unit,window_parser_strategy,window_unit
True,True,True,2205,budget_book,data/state_budgets/Rajasthan/2023-24/State Budget/Volume 2c _ Revenue Expenditure-Social Services.pdf,budget_statement_revenue_social_services,2023-24,96,95,Detailed revenue-expenditure spread covering the 2205 target family and nearby sub-major totals.,Rajasthan,"[""2205-00-105""]","                                                                                                              तत             ख
                                                                                                                                                                      सह


                गस          -       गस       - 25            गस         -   गस         -                 ोग
                 21                                           30             51
                द     त         द   त          ित            द     त        द     त        द    त             ित

श                   18,81,68    1,81,97,96               1       5,88,02        4,19,01     2,10,86,67                  1


    स                  ''            ''             ''             ''             ''             ''                ''


सक                  18,81,68    1,81,97,96               1       5,88,02        4,19,01     2,10,86,67                  1




            क क ट ण :-
इस श ष क अ तगत क                     औ स कतकउथ                          स ि                ख कत क             जत ह
 ष 2022-2023 क आ - कअ    13298.29                                                      ख     क त                        सशो ित अ     14539.71    ख         क      ि   त त क
ग ह जो क 1241.42 ख    अ िक ह ह                                                             त:क                           सह त थ अ द  ग स त       तक        ए        क
    स द     क ट इजश ए त स ि सच                                                             आद द  ज                           10.00 ख अ िक क           ईह           कक ण     त
हो ह ह
इस          क
         ष 2022-2023 क सशो ित अ     14539.71   ख    क त                                                                        आग        ष 2023-2024 21086.68 ख      क
        ि
        त त क ग ह जो क 6546.97 ख             अ िक ह ह                                                                           त:स त कश        सह त थ अ द  ग स त      त
 ि ए ज        अ    णए       त    ट स    ह क क      स द                                                                        सह त थ अ द स त     ज गत  स त ो क सज हत
सह त थ अ द आ द द        ज       10.00 ख अ िक क        ईह                                                                          कक ण       त हो ह ह
क           सह त क अतगत                      ित          शि तस क                स          सकत                आि            तह
2




        https://ifms.rajasthan.gov.in                                                                                       (91)                               श ष : 2205   स
        https://finance.rajasthan.gov.in
                                                                   2210- च क स तथ लोक व
                                                                     ( े डकल ए ड     लक है थ)
                                                                              स र ंश
                                                                                                                                                                             (     े सह          )

         लेखे                       -   क                       संशो ित                                       लेख श ष                                           -   क
      2021-2022                     2022-2023                      2022-2023                                                                                    2023-2024
र           ि     के          र           ि     के          र           ि     के                                                              र          ि       के               ोग
                  सह त                          सह त                          सह त                                                                               सह त
                                                                                          01-शहर          व          सेव एं- एलो ैथ
      50,96,30           ..         67,43,92           ..         80,07,20           ..      देश और श स                                   द         70,48,42            ..         70,48,42

         12,76           ..            20,00           ..            25,00           ..                                                                25,00            ..             25,00

     1,86,64,42          ..        2,01,84,47          ..        1,99,47,40          .. क    चर र                            ोज           द        2,16,29,67           ..        2,16,29,67

            22           ..                1           ..             1,10           ..                                                                    1            ..                  1

    21,95,43,87          ..       24,01,69,61          ..       22,72,46,20          ..         त ल तथ औषि ल                              द       25,19,57,95           ..       25,19,57,95

             ..          ..                1           ..                ..          ..                                                                    1            ..                  1

      93,14,05           ..        1,08,40,19          ..        1,05,90,15          ..   जल रषद / जल                            तर क              1,17,05,70           ..        1,17,05,70

                                                                                          ंच त को सह त
     1,54,29,66          ..        1,79,62,28          ..        1,75,65,24          ..   ल क ंच त /   वत                          तर क            1,94,90,39           ..        1,94,90,39

                                                                                          ंच त को सह त
      18,60,88           ..         18,83,32           ..         45,70,40           ..      स चत ज त                के लए व श                      44,04,57            ..         44,04,57

                                                                                          संघटक ोज
     1,62,86,45          ..        1,88,34,86          ..        1,88,46,31          .. ज    जत              े उ        ोज                         2,08,16,68           ..        2,08,16,68

         -66,76          ..                ..          ..                ..          ..   घट ए            िक द               ग     क                       ..           ..                  ..

                                                                                          वस ल ं
    28,61,28,87          ..       31,66,18,65          ..       30,67,72,90          ..                  उ           - श ष -01 - ोग द             33,70,53,38           ..       33,70,53,38

         12,98           ..            20,02           ..            26,10           ..                                                                25,02            ..             25,02

                                                                                          02-शहर          व          सेव एं-
                                                                                           चकस                 त ं
     2,23,19,98          ..        2,57,14,67          4         2,65,70,25          ..         वद                                        द        2,95,65,73           4         2,95,65,77

         14,63           ..             1,10           ..             1,10           ..                                                                 1,10            ..                1,10

      27,30,99           ..         31,34,82           ..         30,27,52           .. हो      ो ैथ                                      द         33,29,31            ..         33,29,31

             ..          ..             1,00           ..               51           ..                                                                   51            ..                 51

      21,70,02           ..         25,18,93           ..         24,53,09           ..                                                             27,25,69            ..         27,25,69

        7,00,98          ..           9,85,92          ..           7,49,98          ..                  त ं                                          8,72,07           ..           8,72,07

      17,59,51           ..         20,52,37           ..         22,40,64           ..      स चत ज त                के लए व श                      24,51,72            ..         24,51,72

                                                                                          संघटक ोज
      43,69,42           ..         50,93,67           ..         50,20,18           .. ज    जत              े उ        ोज                          54,79,01            ..         54,79,01

          -3,14          ..                ..          ..                ..          .. घट          े    िक द                ग     क                       ..           ..                  ..

                                                                                          वस ल ं
     3,40,47,76          ..        3,95,00,38          4         4,00,61,66          ..                  उ           - श ष -02 - ोग द              4,44,23,53           4         4,44,23,57

         14,63           ..             2,10           ..             1,61           ..                                                                 1,61            ..                1,61

                                                                                          03-           ण व             सेव एं- एलो ैथ
      25,56,17           ..         30,18,01           ..         25,27,00           ..      थ क व                 के                               24,77,02            ..         24,77,02

    10,66,46,41          ..       12,24,17,32          ..       12,15,33,81          .. स       द       क व             के                        13,47,40,82           ..       13,47,40,82

    11,19,03,38          ..       13,32,25,41          ..       12,46,01,93          ..   लॉक ंच त /   वत                          तर क           13,74,59,32           ..       13,74,59,32

                                                                                          ंच त को सह त
      92,17,84           ..        1,12,71,01          ..        1,26,64,00          ..      स चत ज त                के लए व श                     1,38,00,02           ..        1,38,00,02

                                                                                          संघटक ोज
        3,29,90          ..           1,50,00          ..           1,25,00          .. ज    जत              े उ        ोज                                 1            ..                  1

    23,06,53,70          ..       27,00,81,75          ..       26,14,51,74          ..                  उ           - श ष -03 - ोग               28,84,77,19           ..       28,84,77,19

                                                                                          04-  ण व    सेव एं-
                                                                                           चकस    त ं
     5,89,74,71          ..        7,04,40,06          ..        6,67,15,02          ..         वद                                                 7,40,50,04           ..        7,40,50,04

      12,62,56           ..         14,49,55           ..         15,79,62           .. हो      ो ैथ                                                15,99,65            ..         15,99,65

      10,96,21           ..         12,93,44           ..         11,63,27           ..                                                             13,05,39            ..         13,05,39


      https://ifms.rajasthan.gov.in                                                                     (92)                                                        श ष : 2210        (      श)
      https://finance.rajasthan.gov.in
",lakh,lmmha_code_window,lakh
True,True,True,4202,budget_book,data/state_budgets/Rajasthan/2023-24/State Budget/Volume 3a _ Capital Expenditure.pdf,budget_statement_capital_expenditure,2023-24,32,27,Early 4202 section with the stable sub-major 04 total anchor used for education capital outlay.,Rajasthan,"[""4202-04-105""]","                                           4070-              स    से              ज गत
                                            ै ट        ट े         द ड              े ट स सेज
                                                                  तृत ेख
                                                                                                                                                 े सह

    ेखे                 -                       स ो ित                                     ेख                                    -
2021-2022               2022-2023                 2022-2023                                                                      2023-2024
     ि      े                 ि      े                  ि      े                                                          ि        े              ोग
           सह त                     सह त                      सह त                                                                सह त
                                                                            गस     - 64
                                                                          003-      ण
                                                                           01 -ह                थ    ज थ          ो
                                                                             स स थ              ज
                                                                           90          ण

 5,73,24          ..    21,22,87           ..      15,75,13          .. 17- ृहद            ण                           6,18,27           ..        6,18,27

                                                                           91 थ         हेत त तत
                                                                           2059-80-001- 02 - 04
   5,82           ..           ..          ..            ..          .. 97-जो ि े                                           ..           ..             ..

                                                                           92                   स    हेत        त तत
                                                                                 2059
   1,46           ..           ..          ..            ..          .. 97-जो ि े                                           ..           ..             ..

                                                                           93 सि           सेत हेत    त तत
                                                                           3054
   2,18           ..           ..          ..            ..          .. 97-जो ि े                                           ..           ..             ..

 5,82,70          ..    21,22,87           ..      15,75,13          ..                                 ोग 01          6,18,27           ..        6,18,27

 5,82,70          ..    21,22,87           ..      15,75,13          ..                    घ         - 003       ोग    6,18,27           ..        6,18,27

                                                                            गस     - 17
                                                                          800-
                                                                           01 - ग                          दे

                                                                           01 हे       ोट /                 स     ि

      ..          ..   3,60,00,00          ..            ..          .. 59-        ग                  ख द                   1            ..             1

      ..          ..   3,60,00,00          ..            ..          ..                    घ         - 800       ोग         1            ..             1

 5,82,70          ..   3,81,22,87          ..      15,75,13          ..                    -        -4070 - ोग         6,18,28           ..        6,18,28

 5,82,70          ..   3,81,22,87          ..      15,75,13          ..                                ृहद ोग          6,18,28           ..        6,18,28




 https://ifms.rajasthan.gov.in
https://finance.rajasthan.gov.in                                                (23)                                                      4070
                                                                                                                             तृत     ेख
                                                                                                                                                                                     े सह


                  गस       - 17                          गस        - 64                           ोग


             द    त               ृत                द    त                ृत        द    त               ृत

                       1               ''               6,18,27                ''       6,18,28               ''


    स             ''                   ''                 ''                   ''         ''                  ''


स                      1               ''               6,18,27                ''       6,18,28               ''




                       ट ण -
    स        ह               थ              ो                स स थ                      ग                               दे          से स     ित       ेख    त     ज त है
     2022-2023 े    -                                              38122.87   ख                          े         त               स ो ित             1575.13    ख   े          ि      त त
ग     है जो  36547.74                           ख              े   है ह          त                           ृहद             ण           ग              ख द      द द   ज    े       े 10.00 ख
    ि            है                                 े          ण       त हो ह है
    स             2022-2023 े स ो ित       1575.13                                                     ख            े        त             ग               2023-2024 618.28 ख                े
        ि    त     त     ग है जो    956.85 ख       े                                                    है         ह                 त     ृहद    ण          द द    ज े    े 10.00          ख        ि
             है          े   ण       त हो ह है
2




         https://ifms.rajasthan.gov.in
        https://finance.rajasthan.gov.in                                                                                            (24)                                            4070         स
                                           4202- श , ख कद, क               तथ सं क त                          ंज गत
                                           (क ट    उट ऑ ए                  कश , ोटस,                          टए डक च )
                                                                          स ंश
                                                                                                                                                             (      सह         )

     ख                       -   क                     संशो ित                                            ख शष                               -   क
 2021-2022                   2022-2023                    2022-2023                                                                          2023-2024
       ि     क                     ि     क                     ि     क                                                                ि       क                   ोग
             सह त                        सह त                        सह त                                                                     सह त
                                                                                   01-स               श
  1,61,33       2,42,00      59,56,03      89,34,00      70,92,04     1,06,32,00                क श                              79,28,05       1,18,85,00        1,98,13,05

1,96,53,06    1,25,13,95    5,81,46,53    2,52,00,01    3,86,25,59    2,84,45,30                क श                             5,51,83,05      3,06,00,01        8,57,83,06

 62,16,19       5,10,31     3,60,09,56     11,38,80     5,64,35,72      9,06,00    व        व          तथ उ         श           2,85,43,30       12,64,80         2,98,08,10

  2,62,00             ..       3,00,02            ..       1,30,02            ..       ष वक स                                       60,02               ..             60,02

 44,80,52      41,35,51     1,11,65,46     85,72,21      52,40,58     1,02,44,01      स चत ज त                क     ए वश        1,13,56,50      1,05,87,22        2,19,43,72

                                                                                   संघटक ोज
 33,11,71      31,59,26     1,23,66,65     65,63,21      93,45,99      79,67,14 ज       जत                उ    ोज                74,59,60        81,42,22         1,56,01,82

        ..            ..            1             ..     19,84,16             ..                                                 28,00,00               ..         28,00,00

3,40,84,81    2,05,61,03   12,39,44,26    5,04,08,23   11,88,54,10    5,81,94,45                 उ            - श ष -01 - ोग   11,33,30,52      6,24,79,25       17,58,09,77

                                                                                   02-तक की श
  7,98,00       1,39,46      13,81,46       8,48,73      20,32,00       8,48,73         श        (        टक क)                  20,94,74               2          20,94,76

  2,38,00             ..       1,52,46            ..       3,82,40            .. इं ज           र ं ग / तक की क ज तथ             23,00,07               ..         23,00,07

                                                                                   सं थ
    72,03         25,82        5,50,02      1,64,28        3,00,03      1,64,28       स चत ज त                क     ए वश           3,00,04              2            3,00,06

                                                                                   संघटक ोज
    30,23         12,67        6,68,00        82,14        5,68,00        82,14 ज       जत                उ    ोज                  3,20,01              2            3,20,03

 11,38,26       1,77,95      27,51,94      10,95,15      32,82,43      10,95,15                  उ            - श ष -02 - ोग     50,14,86               6          50,14,92

                                                                                   03-ख कद तथ                 व सव
 29,06,65             ..     59,27,63             ..    3,82,28,16            .. ख      कद ट ड                                   52,07,62               ..         52,07,62

  7,94,00             ..       7,94,01            ..       7,99,71            ..      स चत ज त                क     ए वश           8,00,01              ..           8,00,01

                                                                                   संघटक ोज
  6,50,00             ..       6,17,02            ..       6,06,00            .. ज      जत                उ    ोज                10,43,54               ..         10,43,54

    87,81             ..        50,00             ..        50,00             ..                                                        ..              ..                ..

 44,38,46             ..     73,88,66             ..    3,96,83,87            ..                 उ            - श ष -03 - ोग     70,51,17               ..         70,51,17

                                                                                   04-क         तथ सं क त
    57,07             ..        67,01             ..        59,97             ..            खग                                      13,83               ..             13,83

        ..            ..            1             ..       2,00,00            .. स वज           क     तक                           8,00,00              ..           8,00,00

    93,52             ..       2,40,02            1        1,50,02            1 सं      ह                                          2,40,02              1            2,40,03

    70,00             ..         5,01             ..            1             ..      स चत ज त                क     ए वश                2               ..                2

                                                                                   संघटक ोज
  1,20,00             ..        50,01             ..         1,21             .. ज      जत                उ    ोज                       2               ..                2

 19,78,59             ..     22,34,51             ..     19,49,79             ..                                                 11,57,04               ..         11,57,04

 23,19,18             ..     25,96,57             1      23,61,00             1                  उ            - श ष -04 - ोग     22,10,93               1          22,10,94

4,19,80,71    2,07,38,98   13,66,81,43    5,15,03,39   16,41,81,40    5,92,89,61                          - श ष-4202 - ोग      12,76,07,48      6,24,79,32       19,00,86,80

4,19,80,71    2,07,38,98   13,66,81,43    5,15,03,39   16,41,81,40    5,92,89,61                                     वहद ोग    12,76,07,48      6,24,79,32       19,00,86,80




 https://ifms.rajasthan.gov.in
https://finance.rajasthan.gov.in                                                                (25)                                               श ष : 4202         (    श)
                                   4202- श , ख कद, क तथ सं क त                           ंज गत
                                   (क ट    उट ऑ ए कश , ोटस,                              टए डक च )
                                                    व तत ख
                                                                                                                                             (   सह       )

    ख                  -   क                   संशो ित                                   ख शष                                -   क
2021-2022              2022-2023                  2022-2023                                                                  2023-2024
     ि     क                ि     क                   ि     क                                                         ि       क                   ोग
           सह त                   सह त                      सह त                                                              सह त
                                                                            ग सं    - 20
                                                                          01-स        श
                                                                          201-          क श

                                                                           (01)- व

                                                                           [90]         णक

      ..          ..         1            ..           1             .. 17-वहद          णक                              1               ..               1

                                                                           (13)-स       श

                                                                           [01]         णक

 1,61,33     2,42,00   56,00,00     84,00,00     45,50,00     68,25,00 17-वहद           णक                        50,05,00       75,08,00        1,25,13,00

                                                                           [02]         णक

      ..          ..     84,00       1,26,00           1             .. 17-वहद          णक                              1               ..               1

                                                                           [03] ट            ोज      ंज गत

      ..          ..    2,72,00      4,08,00     25,42,00     38,07,00 17-वहद           णक                        29,23,00       43,77,00         73,00,00

                                                                           [04] ज थ             श   क
                                                                               संि एवं        श ण   षद
                                                                             ंज गत
      ..          ..         ..           ..           ..            .. 17-वहद          णक                              1               ..               1

 1,61,33     2,42,00   59,56,00     89,34,00     70,92,01    1,06,32,00                             ोग (13)       79,28,02      1,18,85,00       1,98,13,02

                                                                           (14)- श ण सं थ         की थ

                                                                           [01]          क एवं उ    थ क
                                                                            व                णक
      ..          ..         1            ..           1             .. 17-वहद          णक                              1               ..               1

      ..          ..         1            ..           1             .. 18- श           औ सजस            /              1               ..               1
                                                                          औज       एवं सं ं
      ..          ..         2            ..           2             ..                             ोग [01]             2               ..               2

      ..          ..         2            ..           2             ..                             ोग (14)             2               ..               2

 1,61,33     2,42,00   59,56,03     89,34,00     70,92,04    1,06,32,00                  घ श ष - 201         ोग   79,28,05      1,18,85,00       1,98,13,05

                                                                            ग सं    - 21
                                                                          202-        क श
                                                                           (01)- व

                                                                           [90]         णक

  27,17           ..   20,00,00           ..      1,20,00            .. 17-वहद          णक                        20,00,00              ..        20,00,00

      ..          ..   68,21,50           ..           1             .. 18- श           औ सजस            /        68,21,50              ..        68,21,50
                                                                          औज       एवं सं ं
  27,17           ..   88,21,50           ..      1,20,01            ..                             ोग [90]       88,21,50              ..        88,21,50

                                                                           [91] थ        हत तशतत
                                                                           (2059-80-001-(02)-[05])
   2,17           ..         ..           ..           ..            .. 97-जो ि                                         ..              ..               ..

                                                                           [92] औ    एवं सं ं हत         तशतत
                                                                               (2059)
     54           ..         ..           ..           ..            .. 97-जो ि                                         ..              ..               ..



 https://ifms.rajasthan.gov.in
https://finance.rajasthan.gov.in                                                 (26)                                             श ष : 4202       (    श)
                                       4202- श , ख कद, क तथ सं क त                               ंज गत
                                       (क ट    उट ऑ ए कश , ोटस,                                  टए डक च )
                                                        व तत ख
                                                                                                                                                           (   सह       )

    ख                     -   क                     संशो ित                                      ख शष                                      -   क
2021-2022                 2022-2023                    2022-2023                                                                           2023-2024
     ि     क                    ि     क                    ि     क                                                                  ि       क                   ोग
           सह त                       सह त                       सह त                                                                       सह त
                                                                               [93] सिक व सत हत                  तशतत
                                                                               (3054)
     82             ..           ..            ..           ..            .. 97-जो ि                                                  ..              ..               ..

  30,70             ..    88,21,50             ..      1,20,01            ..                                        ोग (01)    88,21,50               ..        88,21,50

                                                                               (14)- ड           क

                                                                               [01]     ड        क -            णक

      ..            ..    21,80,00             ..           1             .. 17-वहद              णक                                   1               ..               1

                                                                               (15)-         ं        ज सह           गत
                                                                                ोज
                                                                               [01] व             ि                 त
                                                                               सं च         क वक स
16,99,38            ..    17,00,00             ..     17,00,00            .. 17-वहद              णक                            17,00,00               ..        17,00,00

                                                                               (16)- व                क जज          व

                                                                               [01]              क व                क जज
                                                                                 व क
      ..            ..           1             ..     28,00,00            .. 72-   ि कीक ण, सदढ़ क ण,                          1,01,10,00              ..       1,01,10,00
                                                                               व   क ण एवं उ
                                                                               (17)-  ड RIDF XXIII क तहत
                                                                                   णक
                                                                               [01]              क व                क तहत
                                                                                      णक
      ..            ..    21,82,00             ..           1             .. 17-वहद              णक                                   1               ..               1

                                                                               (18)-      ड RIDF XXIV क तहत
                                                                                        क व            णक
                                                                               [01]    जकी                      क व
                                                                                      णक
 7,00,00            ..    25,00,00             ..           1             .. 17-वहद              णक                                   1               ..               1

                                                                               (19)-      ड RIDF XXV क तहत
                                                                                        क व           णक
                                                                               [01] व                       ं   ि    त सं च
                                                                               क      ण
75,00,00            ..    21,83,00             ..           1             .. 17-वहद              णक                                   1               ..               1

                                                                               (20)-स            श

                                                                               [01]         णक

83,42,98    1,25,13,95   1,40,00,00    2,52,00,00     79,63,53    2,72,45,29 17-वहद              णक                            91,00,00       2,94,00,00       3,85,00,00

                                                                               [02]         णक

      ..            ..           ..            1            ..            1 17-वहद               णक                                   ..              1                1

83,42,98    1,25,13,95   1,40,00,00    2,52,00,01     79,63,53    2,72,45,30                                        ोग (20)    91,00,00       2,94,00,01       3,85,00,01

                                                                               (21)-क त              ग ंि       वस
                                                                                   क व
                                                                               [01] क त              ग ंि       वस
                                                                                    क व                           णक
13,80,00            ..    13,80,00             ..     12,42,00            .. 17-वहद              णक                             1,38,00               ..         1,38,00

                                                                               (22)- श ण सं थ                   की थ

 https://ifms.rajasthan.gov.in
https://finance.rajasthan.gov.in                                                   (27)                                                         श ष : 4202       (    श)
                                         4202- श , ख कद, क तथ सं क त                           ंज गत
                                         (क ट    उट ऑ ए कश , ोटस,                              टए डक च )
                                                          व तत ख
                                                                                                                                                            (   सह       )

     ख                      -   क                     संशो ित                                  ख शष                                         -   क
 2021-2022                  2022-2023                    2022-2023                                                                          2023-2024
       ि     क                    ि     क                     ि     क                                                                ि       क                   ोग
             सह त                       सह त                        सह त                                                                     सह त
                                                                                   [01]        क व            क            ण
                                                                                   क
        ..            ..           1             ..            ..            .. 17-वहद         णक                                      ..              ..               ..

        ..            ..           1             ..            ..            .. 18- श          औ सजस              /                    ..              ..               ..
                                                                                  औज      एवं सं ं
        ..            ..           2             ..            ..            ..                               ोग [01]                  ..              ..               ..

        ..            ..           2             ..            ..            ..                               ोग (22)                  ..              ..               ..

                                                                                   (23)-     ड RIDF XXVII
                                                                                           क व            णक
                                                                                   [01]        क व                         ण
                                                                                   क
        ..            ..   2,20,00,00            ..     90,00,00             .. 17-वहद         णक                                      1               ..               1

                                                                                   (24)-    जकी               क व
                                                                                           णक
                                                                                   [01] स क क          च   िगढ़
                                                                                        णक
        ..            ..     6,00,00             ..      6,00,00             .. 17-वहद         णक                                6,93,50               ..         6,93,50

                                                                                   [02] स क क झंझ                     ण
                                                                                   क
        ..            ..     6,00,00             ..            1             .. 17-वहद         णक                                6,00,00               ..         6,00,00

        ..            ..    12,00,00             ..      6,00,01             ..                               ोग (24)           12,93,50               ..        12,93,50

                                                                                   (25)- जकी   ह           ग ंि
                                                                                    व     ( ं ज              )
                                                                                   छ वस       ण
                                                                                   [01]    जकी    ह        ग ंि
                                                                                    व        ( ं ज            )            ण
                                                                                   क
        ..            ..           ..            ..      4,00,00             .. 17-वहद         णक                                4,84,00               ..         4,84,00

                                                                                   (26)-     ड RIDF XXVIII क तहत
                                                                                           क वि           णक
                                                                                   [01]        क व                         ण
                                                                                   क
        ..            ..           ..            ..    1,40,00,00            .. 17-वहद         णक                              2,27,36,00              ..       2,27,36,00

                                                                                   (27)- ए         ोज

                                                                                   [01] जकी        व                  ए
                                                                                     ोज ंतगत           ण
        ..            ..           ..            ..      8,00,00      12,00,00 17-वहद          णक                                8,00,00        12,00,00         20,00,00

1,96,53,06    1,25,13,95   5,81,46,53    2,52,00,01    3,86,25,59    2,84,45,30                 घ श ष - 202           ोग       5,51,83,05      3,06,00,01       8,57,83,06

                                                                                    ग सं - 22
                                                                                  203- व व             तथ उ       श
                                                                                   (01)- व

                                                                                   [90]       णक

 39,11,23             ..   1,49,00,00            ..    2,62,71,56            .. 17-वहद         णक                              1,59,48,48              ..       1,59,48,48

                                                                                   [91] थ        हत तशतत
                                                                                   (2059-80-001-(02)-[05])


 https://ifms.rajasthan.gov.in
https://finance.rajasthan.gov.in                                                       (28)                                                      श ष : 4202       (    श)
",lakh,lmmha_code_window,lakh
True,True,False,6202,budget_book,"data/state_budgets/Rajasthan/2023-24/State Budget/Volume 3b _ Public Debt, Loan, Public Account Volume.pdf",budget_statement_public_debt_loans_public_account,2023-24,84,81,Loans-division summary and detailed 6202 pages; stable for major-head extraction.,Rajasthan,"[""6202""]","                                                      6202- श , खे कू , क      स कृ के ए क
                                                       ( ो स फॉ   ो स, ए ूकेश , आट ए ड क च )
                ेखे 2021-2022                                      आ -        क   ुम        -2022-2023              सशो ि         ुम    -2022-2023


                                     व   ण                                                        व    ण                                   व   ण
           भक               ँ                ि                      भक                  ँ                  ि                ँ                      ि
          कम                                                       कम




  (डी)      3,60,00             ..       3,60,00            (डी)    7,20,00                 ..           3,60,00                   ..                  ..




  (डी)       95,36              ..               ..         (डी)     95,36                  ..                 ..                  ..                  ..




  (डी)      4,99,73      4,00,00                 ..         (डी)     99,73             99,73                   ..               99,73                  ..

  (डी)      1,60,00       80,00                  ..         (डी)     80,00             80,00                   ..               80,00                  ..

  (डी)      6,59,73      4,80,00                 ..         (डी)    1,79,73       1,79,73                      ..           1,79,73                    ..




  (डी)           ..             ..               ..                      ..                 ..                 ..                  ..          20,00,00

  (डी)      7,55,09      4,80,00                 ..         (डी)    2,75,09       1,79,73                      ..           1,79,73            20,00,00

  (डी)     11,15,09      4,80,00         3,60,00            (डी)    9,95,09       1,79,73                3,60,00            1,79,73            20,00,00




https://finance.rajasthan.gov.in
https://ifms.rajasthan.gov.in                                                                     77
                                                                                                                                                                                           स            म
                                                                                                  6202- श , खे कू , क      स कृ के ए क
                                                                                                   ( ो स फॉ   ो स, ए ूकेश , आट ए ड क च )
                                                                                                                                 आ -   क   ुम   -
                                                                                                                                   2023-2024
                                                                                                                                                    व   ण
                                                                     ेखे के शीष                               भक        ँ                           ि                                           सव ण कम
                                                                                                             कम                                                                                31-03-2024
                                   म ँग स      - 21

                                   01-स म        श

                                   202- म       मक श

                                   (01)- सै क कू          च ौ ग को उि                            (डी)         7,20,00       ..                          1                               (डी)         7,20,01

                                   म ँग स - 22
                                   203- व व                      उ   श
                                   (01)-      ी ऋण छ वृ                                          (डी)          95,36        ..                          ..                              (डी)          95,36

                                   (02)- व      व          को उि

                                   [01]- ज           ण         स व   व       , जोि ु को उि       (डी)              ..       ..                          ..                                                ..

                                   [02]- मो              सुख         व   व        ,उ   ु को उि   (डी)              ..       ..                          ..                                                ..

                                    ोग -(02)                                                                       ..       ..                          ..                                                ..

                                   (03)- व      व          को कज

                                   [01]- ज           ण         स व   व       , जोि ु को कज       (डी)        20,00,00       ..                          1                               (डी)        20,00,01

                                    घु शीष 203 - ोग                                              (डी)        20,95,36       ..                          1                               (डी)        20,95,37

                                   उ मु       शीष-01 - ोग                                        (डी)        28,15,36       ..                          2                               (डी)        28,15,38




                                                                                                                                                             मु   शीष : 6202   ( मश )

https://finance.rajasthan.gov.in
https://ifms.rajasthan.gov.in                                                                           78
                                                      6202- श , खे कू , क      स कृ के ए क
                                                       ( ो स फॉ   ो स, ए ूकेश , आट ए ड क च )
                ेखे 2021-2022                                      आ -        क   ुम       -2022-2023              सशो ि       ुम    -2022-2023


                                     व   ण                                                       व    ण                                 व   ण
           भक               ँ                ि                      भक                 ँ                  ि                ँ                    ि
          कम                                                       कम




  (डी)        3,98              ..               ..         (डी)      3,98                 ..                 ..                ..                  ..

  (डी)     11,19,07      4,80,00         3,60,00            (डी)    9,99,07       1,79,73               3,60,00            1,79,73          20,00,00




https://finance.rajasthan.gov.in
https://ifms.rajasthan.gov.in                                                                    79
                                                                                                                                                स            म
                                                                   6202- श , खे कू , क      स कृ के ए क
                                                                    ( ो स फॉ   ो स, ए ूकेश , आट ए ड क च )
                                                                                                  आ -   क   ुम   -
                                                                                                    2023-2024
                                                                                                                     व   ण
                                            ेखे के शीष                    भक             ँ                           ि                               सव ण कम
                                                                         कम                                                                         31-03-2024
                  म ँग स    - 24

                  02- क ीक श

                  800-       कज

                  (01)-           के   ेछ   को उि                 (डी)      3,98             ..                          ..               (डी)               3,98

                  मु     शीष-6202 - ोग                            (डी)   28,19,34            ..                          2                (डी)           28,19,36



                                               म ँग      सक
                                               21             1
                                               22             1
                                                ोग            2




                                                                                                                              मु   शीष : 6202        (सम )

https://finance.rajasthan.gov.in
https://ifms.rajasthan.gov.in                                                       80
",lakh,loan_ledger_window,lakh
