state,fy,lib_receipts_cr,lib_rev_exp_cr,lib_cap_exp_cr,lib_loans_cr,gp_assist_cr,zp_assist_cr,cap_to_rev_pct,rev_self_validated,cap_self_validated,gp_assist_self_validated,zp_assist_self_validated,source_statement,source_url,cap_source_line,rev_source_line,gp_assist_source_line,zp_assist_source_line
Andhra Pradesh,2021-22,,,,,,,,,,,,CAG Finance Accounts Vol-II (Statements 15/16),https://cag.gov.in/uploads/state_accounts_report/account-report-Finance-Accounts-Vol-II-2021-2022-0641db35e61f174-96576786.pdf,,,,
Andhra Pradesh,2022-23,0.0099,45.2773,,,,,,True,False,,,CAG Finance Accounts Vol-II (Statements 15/16),https://cag.gov.in/uploads/state_accounts_report/account-report-Finance-Accounts-Vol-II-2022-23-065c4ce10397e71-57945957.pdf,105    Public Libraries                                            ...                 ...,"105 Public Libraries                                          4,527.73                    ",,
Andhra Pradesh,2023-24,0.0418,46.1498,1.4478,,,,3.14,False,False,,,CAG Finance Accounts Vol-II (Statements 15/16),https://cag.gov.in/uploads/state_accounts_report/account-report-Finance-Accounts-Volume-II-2023-24-06734a3f1280cd2-71345636.pdf,105   Public Libraries                                                            ...     ,105 Public Libraries                                                                      ,,
Andhra Pradesh,2024-25,0.0412,46.921,0.0,,,,0.0,False,True,,,CAG Finance Accounts Vol-II (Statements 15/16),https://cag.gov.in/uploads/state_accounts_report/account-report-Finance-Accounts-Volume-II-2024-25-069aadbc2ef08b4-64872690.pdf,105    Public Libraries                                                         144.78    ,105 Public Libraries                                                                      ,,
Arunachal Pradesh,2021-22,,,,,,,,,,,,CAG Finance Accounts Vol-II (Statements 15/16),https://cag.gov.in/uploads/state_accounts_report/account-report-VOLUME-II-2021-22-Arunachal-Pradesh-16-12-2022-FINAL-FOR-net-uploding-12-01-2023-064899103b655b1-83677951.pdf,,,,
Arunachal Pradesh,2022-23,,11.6785,0.35,,,,3.0,False,False,,,CAG Finance Accounts Vol-II (Statements 15/16),https://cag.gov.in/uploads/state_accounts_report/account-report-Finance-Accounts-Volume-II-2022-23-Arunachal-Pradesh-065d483acc3f513-10652207.pdf,105 Public Libraries                                …         …           35.00           ,"105 Public Libraries                                 …        1,167.85                   …",,
Arunachal Pradesh,2023-24,,,,,,,,,,,,CAG Finance Accounts Vol-II (Statements 15/16),https://cag.gov.in/uploads/state_accounts_report/account-report-VOLUME-II-2023-24-Arunachal-Pradesh-12-02-2025-FINAL-FOR-PRINT-0680b26b8c6e3c3-80700521.pdf,,,,
Arunachal Pradesh,2024-25,,,,,,,,,,,,CAG Finance Accounts Vol-II (Statements 15/16),https://cag.gov.in/uploads/state_accounts_report/account-report-ARUNAC-1-069b7e15c0beb78-85004904.pdf,,,,
Assam,2022-23,0.0097,20.0924,4.9829,,,,24.8,False,False,,,CAG Finance Accounts Vol-II (Statements 15/16),https://cag.gov.in/uploads/state_accounts_report/account-report-Finance-Vol-II-2022-23-Assam-065df6923637760-36635454.pdf,Total- 105 Public Libraries :                                                            4,105 Public Libraries                                                                      ,,
Assam,2023-24,0.0152,20.4137,525.3615,,,,2573.57,False,False,,,CAG Finance Accounts Vol-II (Statements 15/16),https://cag.gov.in/uploads/state_accounts_report/account-report-Finance-Accounts-Vol-II-2023-24-Assam-17-03-2025-0684fb305591297-95645650.pdf,Total 105                                                                                 ,105    Public Libraries                                                                   ,,
Assam,2024-25,0.0154,20.8574,8.9443,,,,42.88,False,False,,,CAG Finance Accounts Vol-II (Statements 15/16),https://cag.gov.in/uploads/state_accounts_report/account-report-Finance-Accounts-Vol-II-24-25-Assam-24-12-2025-0699bdd31972846-72848880.pdf,Total 105 Public Libraries :                                         894.43               ,"105 Public Libraries                                                       2,085.74       ",,
Bihar,2021-22,,7.1203,0.0,,,,0.0,True,False,,,CAG Finance Accounts Vol-II (Statements 15/16),https://cag.gov.in/uploads/state_accounts_report/account-report-Finance-Vol-II-2021-22-Bihar-English-14-12-2022-06437f6d9889694-56493467.pdf,Other Schemes each costing `5 crore or less                    0.00         130.00        ,105 Public Libraries                                                               712.03 ,,
Bihar,2022-23,,4.7581,2.7021,,,,56.79,True,True,,,CAG Finance Accounts Vol-II (Statements 15/16),https://cag.gov.in/uploads/state_accounts_report/account-report-Finance-Vol-II-2022-23-English-09-12-2023-065e01c4a8212a3-53815950.pdf,Other Schemes each costing `5 crore or less                     0.00         270.21       ,105 Public Libraries                                                           475.81     ,,
Bihar,2023-24,,4.5473,4.9905,,,,109.75,True,True,,,CAG Finance Accounts Vol-II (Statements 15/16),https://cag.gov.in/uploads/state_accounts_report/account-report-Finance-2023-24-Vol-II-Bihar-English-067e4ed97ed7ec8-78418916.pdf,Other Schemes each costing `5 crore or less                     0.00         499.05       ,105 Public Libraries                                                           454.73     ,,
Bihar,2024-25,,5.9361,9.8924,,,,166.65,True,True,,,CAG Finance Accounts Vol-II (Statements 15/16),https://cag.gov.in/uploads/state_accounts_report/account-report-Account-Volume-II-BIHAR-ENGLISH-2024-25-31-01-2026-069a013611b9233-45674079.pdf,Library Buildings                                              0.00        989.24         ,105 Public Libraries                                                           593.61     ,,
Chhattisgarh,2021-22,,3.2941,,,,,,True,,,,CAG Finance Accounts Vol-II (Statements 15/16),https://cag.gov.in/uploads/state_accounts_report/account-report-ENGLISH-VOLUME-2-063ce1faadd96e2-65152203.pdf,,105    Public Libraries                                    329.41             0.00        ,,
Chhattisgarh,2022-23,,3.7713,,,,,,True,,,,CAG Finance Accounts Vol-II (Statements 15/16),https://cag.gov.in/uploads/state_accounts_report/account-report-8-Finance-Account-Volume-II-065cb58c85fe978-29899990.pdf,,105    Public Libraries                                    377.13                0.00     ,,
Chhattisgarh,2023-24,,4.2043,,,,,,True,,,,CAG Finance Accounts Vol-II (Statements 15/16),https://cag.gov.in/uploads/state_accounts_report/account-report-Finance-Account-Vol-2-English-067651e09896f21-18190555.pdf,,105    Public Libraries                                    420.43                    0.00 ,,
Chhattisgarh,2024-25,,4.9985,0.0,,,,0.0,True,False,,,CAG Finance Accounts Vol-II (Statements 15/16),https://cag.gov.in/uploads/state_accounts_report/account-report-FINANCE-ACCOUNTS-VOL-02-English-069bb9598898702-21523706.pdf,Other works costing below ` 10 Crore                       0.00         0.00              ,105 Public Libraries                                                            499.85    ,,
Gujarat,2021-22,0.085,30.8452,0.0479,,,,0.16,True,True,,,CAG Finance Accounts Vol-II (Statements 15/16),https://cag.gov.in/uploads/state_accounts_report/account-report-FA-VOL-II-2021-22-0642a7eaa542548-19209741.pdf,"Total - 105      170.30           4.79    ...   ...        4.79     2,339.80    (-)97.19","105 Public Libraries                                      3,084.52           ...          ",,
Gujarat,2022-23,0.1147,28.9478,0.855,,,,2.95,True,False,,,CAG Finance Accounts Vol-II (Statements 15/16),https://cag.gov.in/uploads/state_accounts_report/account-report-Finance-Accounts-2022-23-Volume-2-065e1cd0bc8f857-53221550.pdf,"Total - 105       4.79        85.50      ...   ...      85.50      2,425.30    (+)1684.97","105 Public Libraries                                     2,894.78           ...           ",,
Gujarat,2023-24,0.2011,39.5087,0.287,,,,0.73,True,True,,,CAG Finance Accounts Vol-II (Statements 15/16),https://cag.gov.in/uploads/state_accounts_report/account-report-Finance-Accounts-Vol-II-2023-24-067ebc71e89c1f1-35908776.pdf,"Total - 105        85.50           28.70           ..        28.70        2,454.00     (-)","105 Public Libraries                                     3,950.87                   ..    ",,
Gujarat,2024-25,0.201,45.5451,0.287,,,,0.63,True,False,,,CAG Finance Accounts Vol-II (Statements 15/16),https://cag.gov.in/uploads/state_accounts_report/account-report-FA-VOL-II-2024-25-069c52af8d4f245-78414170.pdf,"Total - 105     28.70         ..        ..           ..      2,454.00      ..","105 Public Libraries                                   4,554.51    ..            ..       ",,
Haryana,2021-22,0.0313,8.186,17.6057,,,,215.07,True,False,,,CAG Finance Accounts Vol-II (Statements 15/16),https://cag.gov.in/uploads/state_accounts_report/account-report-Finance-Accounts-Volume-II-2021-22-063b2c6513b6a96-31291871.pdf,105 Public Libraries                                                                      ,105 Public Libraries                                              818.60           ..     ,,
Haryana,2022-23,0.1172,7.7916,0.0,,,,0.0,True,True,,,CAG Finance Accounts Vol-II (Statements 15/16),https://cag.gov.in/uploads/state_accounts_report/account-report-Finance-Accounts-Volume-II-2022-23-0658029704ce7c9-88051893.pdf,105 Public Libraries                                                                     1,105 Public Libraries                                                779.16                ,,
Haryana,2023-24,0.1028,6.0919,,,,,,True,False,,,CAG Finance Accounts Vol-II (Statements 15/16),https://cag.gov.in/uploads/state_accounts_report/account-report-Finance-Accounts-Volume-II-2023-24-067ced4cd4434a4-10058366.pdf,105 Public Libraries                                                                      ,105 Public Libraries                                              609.19                  ,,
Haryana,2024-25,0.0776,6.8363,,,,,,True,False,,,CAG Finance Accounts Vol-II (Statements 15/16),https://cag.gov.in/uploads/state_accounts_report/account-report-Finance-Accounts-Volume-II-2024-25-2-069493484db5506-81988701.pdf,105 Public Libraries                                                                      ,105 Public Libraries                                                                      ,,
Himachal Pradesh,2022-23,0.0105,6.0712,,,,,,True,False,,,CAG Finance Accounts Vol-II (Statements 15/16),https://cag.gov.in/uploads/state_accounts_report/account-report-Finance-2022-23-Vol-II-HP-English-04-12-2023-065925121df5a54-05734212.pdf,105 Public Libraries                                                                      ,105 Public Libraries                                                             607.12   ,,
Himachal Pradesh,2023-24,0.0058,15.9829,,,,,,True,False,,,CAG Finance Accounts Vol-II (Statements 15/16),https://cag.gov.in/uploads/state_accounts_report/account-report-Finance-Vol-II-2023-24-HP-English-14-02-2025-067ee2ceaa44c76-55634028.pdf,105 Public Libraries                                                     ...           ...,"105 Public Libraries                                          1,598.29            ...     ",,
Himachal Pradesh,2024-25,0.0072,20.1829,,,,,,True,False,,,CAG Finance Accounts Vol-II (Statements 15/16),https://cag.gov.in/uploads/state_accounts_report/account-report-Finance-Vol-II-2024-25-English-26-12-2025-069ccf7f4c11343-22376520.pdf,105 Public Libraries                                                 ...             ...  ,"105 Public Libraries                                    2,018.29             ...      2,01",,
Jharkhand,2021-22,,0.196,,,,,,True,,,,CAG Finance Accounts Vol-II (Statements 15/16),https://cag.gov.in/uploads/state_accounts_report/account-report-FA-V-2-2021-22-Eng-063dca8243111e5-13694047.pdf,,105- Public Libraries                                           19.60             0.00    ,,
Jharkhand,2022-23,,0.3921,,,,,,True,,,,CAG Finance Accounts Vol-II (Statements 15/16),https://cag.gov.in/uploads/state_accounts_report/account-report-FA-Vol-2-2022-23-English-Final-06593f551d3cac9-94837870.pdf,,105- Public Libraries                                        39.21             0.00       ,,
Jharkhand,2023-24,,0.5866,,,,,,True,,,,CAG Finance Accounts Vol-II (Statements 15/16),https://cag.gov.in/uploads/state_accounts_report/account-report-Finance-Accounts-Vol-2-2023-24-ENGLISH-067caac018f1bf9-35780613.pdf,,105- Public Libraries                                        58.66            0.00        ,,
Jharkhand,2024-25,,1.1737,,,,,,True,,,,CAG Finance Accounts Vol-II (Statements 15/16),https://cag.gov.in/uploads/state_accounts_report/account-report-Finance-Accounts-Vol-2-2024-25-ENGLISH-FINAL-0693c0f22646dd3-39260604.pdf,,105-   Public Libraries                                    117.37              0.00       ,,
Karnataka,2021-22,0.0559,71.2026,,,72.5058,2.65,,True,,True,True,CAG Finance Accounts Vol-II (Statements 15/16),https://cag.gov.in/uploads/state_accounts_report/account-report-Finance-Accounts-Vol-II-2021-22-063a98634a74042-25142059.pdf,,"105 Public Libraries                                                   7,120.26           ","198 Assistance to Gram Panchayats                                      7,250.58           ",196 Assistance to Zilla Parishads / District Level Panchayats            265.00           
Karnataka,2022-23,,,,,,,,,,,,CAG Finance Accounts Vol-II (Statements 15/16),https://cag.gov.in/uploads/state_accounts_report/account-report-Finance-Account-Vol-II-2022-23.pdf,,,,
Karnataka,2023-24,,,,,,,,,,,,CAG Finance Accounts Vol-II (Statements 15/16),https://cag.gov.in/uploads/state_accounts_report/account-report-3-Part-I-Finance-Accounts-Vol-II-2023-24-Edit-0675c12f157be78-41111978.pdf,,,,
Karnataka,2024-25,,,,,,,,,,,,CAG Finance Accounts Vol-II (Statements 15/16),https://cag.gov.in/uploads/state_accounts_report/3.Finance Accounts Vol.II_Part-I 2024-25_government_of_karnataka.pdf,,,,
Kerala,2021-22,0.2054,34.4066,0.0,,,,0.0,True,True,,,CAG Finance Accounts Vol-II (Statements 15/16),https://cag.gov.in/uploads/state_accounts_report/account-report-Finance-Accounts-2021-22-Vol-II-Eng-063e47e4b139362-81881249.pdf,105 Public Libraries                                                                      ,"105 Public Libraries                                   3,292.57           148.09          ",,
Kerala,2022-23,0.2339,23.7094,,,,,,True,False,,,CAG Finance Accounts Vol-II (Statements 15/16),https://cag.gov.in/uploads/state_accounts_report/account-report-Finance-Accounts-2022-23-Vol-II-Eng-065cda30f2e95e8-02014173.pdf,105 Public Libraries                                                                      ,"105 Public Libraries                                    2,248.87           122.07         ",,
Kerala,2023-24,0.2292,24.7815,0.1388,,,,0.56,True,False,,,CAG Finance Accounts Vol-II (Statements 15/16),https://cag.gov.in/uploads/state_accounts_report/account-report-Finance-Accounts-2023-24-Vol-II-069b7f8d4690d13-96222241.pdf,105 Public Libraries                                                                     1,"105 Public Libraries                                    2,344.90          133.25          ",,
Kerala,2024-25,0.2407,25.6987,0.8505,,,,3.31,True,True,,,CAG Finance Accounts Vol-II (Statements 15/16),https://cag.gov.in/uploads/state_accounts_report/account-report-Finace-Accounts-Vol-II-2024-25-0699d3699c2fc89-06955502.pdf,105 Public Libraries                                                   13.88              ,"105 Public Libraries                                            2,495.70           74.17  ",,
Madhya Pradesh,2021-22,,10.9401,,,,,,False,,,,CAG Finance Accounts Vol-II (Statements 15/16),https://cag.gov.in/uploads/state_accounts_report/account-report-Finance-Accounts-2021-22-Vol-II-MP-English-063aad130258ae4-38673105.pdf,,105    Public Libraries                                                                   ,,
Madhya Pradesh,2022-23,,11.8787,,,,,,False,,,,CAG Finance Accounts Vol-II (Statements 15/16),https://cag.gov.in/uploads/state_accounts_report/account-report-Finance-Accounts-MP-2022-23-Vol-II-English-065ca08c706e6f0-88128429.pdf,,105    Public Libraries                                                                   ,,
Madhya Pradesh,2023-24,,12.9311,,,,,,False,,,,CAG Finance Accounts Vol-II (Statements 15/16),https://cag.gov.in/uploads/state_accounts_report/account-report-Finance-Accounts-2023-24-Vol-II-MP-English-0676554730c12d8-41950225.pdf,,105    Public Libraries                                                                   ,,
Madhya Pradesh,2024-25,,14.1612,,,,,,False,,,,CAG Finance Accounts Vol-II (Statements 15/16),https://cag.gov.in/uploads/state_accounts_report/account-report-VOLUME-II-2024-25-Gwalior-MP-English-06932b1b862d749-49571374.pdf,,105   Public Libraries                                                                    ,,
Maharashtra,2023-24,1.5208,154.4983,47.3882,,,,30.67,True,True,,,CAG Finance Accounts Vol-II (Statements 15/16),https://cag.gov.in/uploads/state_accounts_report/account-report-Finance-Accounts-2023-24-VOL-II-0676693fd9db782-28932133.pdf,105 - Public Libraries                                               .. ..                ,105 - Public Libraries                                                       .. .. ..     ,,
Maharashtra,2024-25,6.1495,245.1633,19.5196,,,,7.96,True,True,,,CAG Finance Accounts Vol-II (Statements 15/16),https://cag.gov.in/uploads/state_accounts_report/account-report-CD-ENGLISH-FINANCE-ACCOUNTS-VOL-II-06944f1067a9530-56372221.pdf,105 - Public Libraries                                                   .. ..            ,105 - Public Libraries                                         .. .. ..                   ,,
Manipur,2021-22,,1.477,,,,,,True,,,,CAG Finance Accounts Vol-II (Statements 15/16),https://cag.gov.in/uploads/state_accounts_report/account-report-Finance-Vol-II-2021-22-Manipur-14-12-2022-1-06405be99e4d209-35122987.pdf,,105 Public Libraries                                                      147.70          ,,
Manipur,2022-23,,1.7065,,,,,,True,,,,CAG Finance Accounts Vol-II (Statements 15/16),https://cag.gov.in/uploads/state_accounts_report/account-report-Finance-Vol-II-2022-23-Manipur-13-02-2024-065e1f54b005599-31786214.pdf,,105 Public Libraries                                                      170.65          ,,
Manipur,2023-24,,1.7523,,,,,,True,,,,CAG Finance Accounts Vol-II (Statements 15/16),https://cag.gov.in/uploads/state_accounts_report/account-report-Finance-Accounts-Vol-II-2023-24-Manipur-24-03-2025-069c1242980b241-76178901.pdf,,105 Public Libraries                                                      175.23          ,,
Manipur,2024-25,,,,,,,,,,,,CAG Finance Accounts Vol-II (Statements 15/16),https://cag.gov.in/uploads/state_accounts_report/account-report-Finance-Accounts-Volume-II-Manipur-2024-25-069c12547b6c608-78792443.pdf,,,,
Meghalaya,2021-22,0.0066,3.8335,0.0319,,,,0.83,False,False,,,CAG Finance Accounts Vol-II (Statements 15/16),https://cag.gov.in/uploads/state_accounts_report/account-report-Finance-Accounts-Vol-II-2021-22-GoMeghalaya-06422c0fdceef90-77312363.pdf,Total 105                                        3.19         ...         ...         ... ,105 Public Libraries                               …       383.35          …         383.3,,
Meghalaya,2022-23,0.1398,4.319,0.12,,,,2.78,False,False,,,CAG Finance Accounts Vol-II (Statements 15/16),https://cag.gov.in/uploads/state_accounts_report/account-report-Finance-Accounts-Volume-II-Meghalaya-065ddc9531cdb03-98896683.pdf,Total 105                                      ...      12.00            ...      12.00   ,105 Public Libraries                             …     431.90            …      431.90    ,,
Meghalaya,2023-24,0.1476,4.3532,1.7629,,,,40.5,False,False,,,CAG Finance Accounts Vol-II (Statements 15/16),https://cag.gov.in/uploads/state_accounts_report/account-report-Signed-Finance-Accounts-Vol-II-2023-24-067d2cdc0b45c87-35051094.pdf,Total 105                                         12.00       176.29             ...     1,105 Public Libraries                             …     435.32         …      435.32       ,,
Meghalaya,2024-25,0.1605,4.5969,1.7629,,,,38.35,False,False,,,CAG Finance Accounts Vol-II (Statements 15/16),https://cag.gov.in/uploads/state_accounts_report/account-report-Finance-Accounts-Vol-II-2024-25-069a18518ae72a9-23127203.pdf,Total 105                                                      176.29               …     ,105 Public Libraries                                       …          459.69             …,,
Mizoram,2023-24,0.0031,1.8779,,,,,,False,False,,,CAG Finance Accounts Vol-II (Statements 15/16),https://cag.gov.in/uploads/state_accounts_report/account-report-Finance-Account-Volume-II-2023-24-06810b5976d1b53-48301577.pdf,105 Public Libraries                                           …           …             …,105    Public Libraries                                         187.79                    ,,
Nagaland,2023-24,,0.7668,,,,,,True,,,,CAG Finance Accounts Vol-II (Statements 15/16),https://cag.gov.in/uploads/state_accounts_report/account-report-Finance-2023-24-Vol-II-Ngagaland-7-02-2025-067cfd644ac9668-13339494.pdf,,105- Public Libraries                                                 76.68              .,,
Odisha,2023-24,,5.0408,,,,,,True,False,,,CAG Finance Accounts Vol-II (Statements 15/16),https://cag.gov.in/uploads/state_accounts_report/account-report-VOLUME-II-067543db0c84406-46036372.pdf,105- Public Libraries,105- Public Libraries                                        375.97              128.11   ,,
Punjab,2023-24,0.1084,3.9783,0.7956,,,,20.0,True,False,,,CAG Finance Accounts Vol-II (Statements 15/16),https://cag.gov.in/uploads/state_accounts_report/account-report-FA-Vol-II-2023-24-with-covers-067eb7adbf32a49-64892081.pdf,105 Public Libraries                                                        ..            ,105 Public Libraries                                                                 ..   ,,
Sikkim,2023-24,,2.1169,,,,,,False,,,,CAG Finance Accounts Vol-II (Statements 15/16),https://cag.gov.in/uploads/state_accounts_report/account-report-Finance-Accounts-2023-24-Vol-II-Placed-on-28-03-2025-in-the-House-067ee64a6761211-94704711.pdf,,105    Public Libraries                                                     211.69        ,,
Tamil Nadu,2021-22,6.4954,152.1415,18.23,0.001,,,11.98,True,False,,,CAG Finance Accounts Vol-II (Statements 15/16),https://cag.gov.in/uploads/state_accounts_report/account-report-FINANCE-ACCOUNTS-2021-22-VOLUME-II-063ce7b89b45f10-33952371.pdf,105         Public Libraries                                                     ..       ,"105 Public Libraries                                           V                    15,214",,
Tamil Nadu,2022-23,8.5396,232.1114,64.9126,0.001,,,27.97,True,True,,,CAG Finance Accounts Vol-II (Statements 15/16),https://cag.gov.in/uploads/state_accounts_report/account-report-Finance-Accts-Vol-II-22-23-065d8865a395be0-32026989.pdf,"105      Public Libraries                                                 1,823.00       6","105 Public Libraries                                           V                    23,211",,
Tamil Nadu,2023-24,,,,,,,,,,,,CAG Finance Accounts Vol-II (Statements 15/16),https://cag.gov.in/uploads/state_accounts_report/account-report-FINANCE-ACCOUNTS-VOL-II-2023-24-067582ffdc25bf8-34784230.pdf,,,,
Tamil Nadu,2024-25,,,,,,,,,,,,CAG Finance Accounts Vol-II (Statements 15/16),https://cag.gov.in/uploads/state_accounts_report/account-report-Finnace-Accounts-VOL-II-2024-25-069985791c52995-23338048.pdf,,,,
Telangana,2023-24,0.0006,84.8468,,,,,,True,False,,,CAG Finance Accounts Vol-II (Statements 15/16),https://cag.gov.in/uploads/state_accounts_report/account-report-Finance-Accounts-Volume-ll-067ecf99b3c24d4-67621206.pdf,105 Public Libraries                                          ...          ...            ,"105 Public Libraries                                               8,484.68               ",,
Tripura,2023-24,0.0,0.1532,,,,,,False,False,,,CAG Finance Accounts Vol-II (Statements 15/16),https://cag.gov.in/uploads/state_accounts_report/account-report-Finance-Accounts-Vol-II-2023-24-Tripura-09-01-2025-067e29ce5a1df22-80338579.pdf,105    Public Libraries                                                    …              ,105    Public Libraries                                                       15.32       ,,
Uttar Pradesh,2021-22,,7.967,0.8596,,,,10.79,True,True,,,CAG Finance Accounts Vol-II (Statements 15/16),https://cag.gov.in/uploads/state_accounts_report/account-report-Finance-Account-2021-22-vol-2-0640b0f1e338aa7-47259576.pdf,"Total-105              85.96             0.00     85.96            1,855.22            0.0",105- Public Libraries                                                                796.7,,
Uttar Pradesh,2022-23,,7.9179,2.75,,,,34.73,True,True,,,CAG Finance Accounts Vol-II (Statements 15/16),https://cag.gov.in/uploads/state_accounts_report/account-report-Finance-Accounts-2022-23-vol-2-Eng-0656da7f0b985f7-07947392.pdf,"Total-105               275.00           0.00     275.00           2,130.22       85.96   ",105- Public Libraries                                                                791.7,,
Uttar Pradesh,2023-24,,8.5216,1.5709,,,,18.43,True,True,,,CAG Finance Accounts Vol-II (Statements 15/16),https://cag.gov.in/uploads/state_accounts_report/account-report-Finance-Accounts-2023-24-vol-ii-0676579c8dab0a5-03342997.pdf,"Total - 105            157.09                    0.00      157.09           2,287.31      ",105-Public Libraries                                                             852.16   ,,
Uttar Pradesh,2024-25,,8.0638,3.258,,,,40.4,True,True,,,CAG Finance Accounts Vol-II (Statements 15/16),https://cag.gov.in/uploads/state_accounts_report/account-report-Finance-Accounts-Vol-II-2024-25-English-06964e81ab346b6-31688191.pdf,Total - 105                 157.09             325.80                  0.00         325.80,105-Public Libraries                                                                      ,,
Uttarakhand,2023-24,,2.0247,,,,,,True,,,,CAG Finance Accounts Vol-II (Statements 15/16),https://cag.gov.in/uploads/state_accounts_report/account-report-FA-Vol-2-2023-24-067b71889181d37-07442335.pdf,,105- Public Libraries                                                   202.47            ,,
